{"า": 0, "ั": 1, "ก": 2, "บ": 3, "ฑ": 4, "ภ": 5, "ใ": 6, "์": 7, "_": 8, "ึ": 9, "|": 11, "ๅ": 12, "ป": 13, "ำ": 14, "๊": 15, "ร": 16, "ษ": 17, "ห": 18, "่": 19, "ฆ": 20, "็": 21, "ต": 22, "]": 23, "ฐ": 24, "ี": 25, "ผ": 26, "ไ": 27, "ณ": 28, "ว": 29, "ด": 30, "ฤ": 31, "ธ": 32, "ื": 33, "ฟ": 34, "ล": 35, "ฯ": 36, "ิ": 37, "ฏ": 38, "ฎ": 39, "ฬ": 40, "ท": 41, "แ": 42, "ฝ": 43, "ู": 44, "ุ": 45, "ค": 46, "ฮ": 47, "ถ": 48, "ฒ": 49, "ศ": 50, "พ": 51, "โ": 52, "ฃ": 53, "อ": 54, "ง": 55, "้": 56, "ส": 57, "ฉ": 58, "จ": 59, "ญ": 60, "๋": 61, "ช": 62, "[": 63, "น": 64, "ม": 65, "ฌ": 66, "ะ": 67, "ซ": 68, "ข": 69, "ย": 70, "เ": 71, "[UNK]": 71, "[PAD]": 72}